{
   "vector_id_grupo": [
      310
   ],
   "dominio": [
      "Test 1",
      "Test 2",
      "Test 4",
      "Test 5",
      "Test 5"
   ],
   "imei": [
      "868789020200076",
      "868789020196290",
      "862894020949650",
      "868789020884333",
      "868789020884333"
   ],
   "latitud": [
      -28.46974,
      -27.801135,
      -26.797948333,
      -31.397171666,
      -31.397171666
   ],
   "longitud": [
      -65.762773333,
      -64.28207,
      -65.181346666,
      -64.200651666,
      -64.200651666
   ],
   "velocidad": [
      4.0743999481201,
      0,
      10.741600036621,
      0,
      0
   ],
   "direcc": [
      180.39999389648,
      0,
      261.79998779297,
      0,
      0
   ],
   "hdop": [
      "1",
      "1",
      "1",
      "1",
      "1"
   ],
   "hora_avl": [
      "10 Jan 2019 16:23:45",
      "10 Jan 2019 16:22:38",
      "10 Jan 2019 16:23:21",
      "10 Jan 2019 16:21:02",
      "10 Jan 2019 16:21:02"
   ],
   "voltaje_avl": [
      "0.9",
      "0.93",
      "0.91",
      "0.88",
      "0.88"
   ],
   "tiempo_sin_sat": [
      0,
      0,
      0,
      0,
      0
   ],
   "tiempo_parada": [
      0,
      0,
      0,
      214,
      214
   ],
   "tiempo_sin_reporte": [
      1,
      2,
      1,
      4,
      4
   ],
   "nombre_sensor": [
      "Estado del motor",
      "Estado del motor",
      "Estado del motor",
      "Relay de corte de motor",
      "Estado del motor"
   ],
   "nombre_sensor_en": [
      "Engine",
      "Engine",
      "Engine",
      "Engine cut relay",
      "Engine"
   ],
   "estado_sensor": [
      "Encendido",
      "Encendido",
      "Encendido",
      "Permite funcionamiento de motor",
      "Apagado"
   ],
   "estado_sensor_en": [
      "On",
      "On",
      "On",
      "Allowing ignition",
      "Off"
   ],
   "cod_sensor": [
      1,
      1,
      1,
      7,
      1
   ],
   "estado_sensor_en_bit": [
      "1",
      "1",
      "1",
      "0",
      "0"
   ],
   "estado_panico": [
      null,
      null,
      null,
      null,
      null
   ],
   "cliente": [
      "Testeos",
      "Testeos",
      "Testeos",
      "Testeos",
      "Testeos"
   ],
   "marca": [
      "VW",
      "Toyota",
      "FIAT",
      "HYUNDAI",
      "HYUNDAI"
   ],
   "modelo": [
      "Saveiro",
      "Hilux",
      "MULTIJET",
      "PICK UP-H100",
      "PICK UP-H100"
   ],
   "color": [
      "Verde oscuro",
      "Blanco",
      "Blanco",
      null,
      null
   ],
   "relay": [
      0,
      0,
      0,
      1,
      1
   ],
   "estado_bateria": [
      "Bater\u00eda externa conectada",
      "Bater\u00eda externa conectada",
      "Bater\u00eda externa conectada",
      "Bater\u00eda externa conectada",
      "Bater\u00eda externa conectada"
   ],
   "estado_bateria_en": [
      "External batery connected",
      "External batery connected",
      "External batery connected",
      "External batery connected",
      "External batery connected"
   ],
   "numero": [
      "restringido",
      "restringido",
      "restringido",
      "restringido",
      "restringido"
   ],
   "hora_update": "16:25:07 - 10 Jan",
   "hora_update_en": "12:25:07 - 01\/10",
   "cuenta_km": [
      0,
      0,
      0,
      0,
      0
   ],
   "km_total_usuario": [
      "67958.79590",
      "2987.66648",
      "9371.79896",
      "64564.37896",
      "64564.37896"
   ],
   "km_sensor_total_usuario": [
      ".00000",
      ".00000",
      ".00000",
      ".00000",
      ".00000"
   ],
   "id_grupo": [
      310,
      310,
      null,
      null,
      null
   ],
   "min_buffer": [
      0,
      0,
      0,
      0,
      0
   ],
   "voltaje_vehiculo": [
      "13.913",
      "14.043",
      "13.937",
      "12.84",
      "12.84"
   ],
   "altura": [
      " 801.3",
      " 193.4",
      " 448",
      " 409.7",
      " 409.7"
   ],
   "gsm_signal": [
      " 15",
      " 15",
      " 15",
      " 15",
      " 15"
   ],
   "voltaje_sensor1": [
      ".00",
      ".00",
      ".00",
      ".00",
      ".00"
   ],
   "voltaje_sensor2": [
      ".00",
      ".02",
      ".01",
      ".02",
      ".02"
   ],
   "avl_modelo": [
      "TT8750N+",
      "TT8750N+",
      "TT8750+",
      "TT8750N+",
      "TT8750N+"
   ],
   "cmd_detencion": [
      "AT$TTTRGEV=30,1",
      "AT$TTTRGEV=30,1",
      "AT$TTTRGEV=30,1",
      "AT$TTTRGEV=30,1",
      "AT$TTTRGEV=30,1"
   ],
   "hora_avl_tmp": [
      "10 Jan 2019 - 16:23",
      "10 Jan 2019 - 16:22",
      "10 Jan 2019 - 16:23",
      "10 Jan 2019 - 16:21",
      "10 Jan 2019 - 16:21"
   ],
   "restriccion_web": [
      null,
      null,
      null,
      null,
      null
   ],
   "horometro_minutos_reposo": [
      null,
      null,
      null,
      null,
      null
   ],
   "Horometro_usuario": [
      null,
      null,
      null,
      null,
      null
   ],
   "horometro": [
      0,
      0,
      0,
      0,
      0
   ],
   "nombre_zona_ultima": [
      "",
      "",
      "",
      "",
      ""
   ],
   "ingreso_zona": [
      null,
      null,
      null,
      null,
      null
   ],
   "egreso_zona": [
      "-",
      "-",
      "-",
      "-",
      "-"
   ],
   "tiempo_en_zona": [
      "",
      "",
      "",
      "",
      ""
   ],
   "bateria_agotada": [
      0.3,
      0.3,
      0.3,
      0.3,
      0.3
   ],
   "bateria_baja": [
      0.4,
      0.4,
      0.4,
      0.4,
      0.4
   ],
   "bateria_alta_media": [
      0.8,
      0.8,
      0.8,
      0.8,
      0.8
   ],
   "cmd_contra_detencion": [
      "AT$TTTRGEV=30,0",
      "AT$TTTRGEV=30,0",
      "AT$TTTRGEV=30,0",
      "AT$TTTRGEV=30,0",
      "AT$TTTRGEV=30,0"
   ],
   "vector_nombre_grupo": [
      "Camionetas"
   ],
   "patente": [
      "Test 1 ",
      "Test 2 ",
      "Test 4 ",
      "Test 5 ",
      "Test 5 "
   ],
   "hora_satelite": [
      "10 Jan 2019 16:23:42",
      "10 Jan 2019 16:22:37",
      "10 Jan 2019 16:23:18",
      "10 Jan 2019 16:21:01",
      "10 Jan 2019 16:21:01"
   ]
}